RNC,NE,Key Name,Seq. no,Id,Type,Capicity Limit,Hardware Limit,Start,Stop,Unlock Status,Comments
Rnc08,4500_Lengkok_Bahru_Blk55,FAJ1211320; SRB on HSDPA,1000,CXC4020025,Feature,N/A,N/A,Mar 16 2014,May 23 2014,NEVER_USED,
Rnc08,5864_Energy_Market_Authority,FAJ1211320; SRB on HSDPA,1008,CXC4020025,Feature,N/A,N/A,Mar 16 2014,Jun 24 2014,NEVER_USED,
Rnc09,5084_PeoplesParkCentre,FAJ1211320; SRB on HSDPA,1091,CXC4020025,Feature,N/A,N/A,Feb 17 2014,May 21 2014,NEVER_USED,
Rnc12,5398_Singapore_Expo_Hall_7_to_10,FAJ1211320; SRB on HSDPA,1069,CXC4020025,Feature,N/A,N/A,Feb 20 2014,May 31 2014,NEVER_USED,
Rnc13,3004_TanglinSC,FAJ1211503; EUL TD Scheduling,1124,CXC4020039,Feature,N/A,N/A,Mar 12 2014,May 14 2014,NEVER_USED,
Rnc13,3004_TanglinSC,FAJ1211714; Interference Suppression (Grake+),1124,CXC4020061,Feature,N/A,N/A,Mar 12 2014,May 28 2014,NEVER_USED,
Rnc13,3004_TanglinSC,FAJ1212370; Interference Suppression for all Bearers,1124,CXC4020065,Feature,N/A,N/A,Mar 12 2014,May 28 2014,NEVER_USED,
Rnc13,3004_TanglinSC,FAJ1212671; Interface Suppression for EUL 10 ms,1124,CXC4020070,Feature,N/A,N/A,Mar 12 2014,May 28 2014,NEVER_USED,
Rnc13,3004_TanglinSC,FAJ1212444; Uplink Fast Congestion Control,1124,CXC4020066,Feature,N/A,N/A,Mar 12 2014,Jun 03 2014,NEVER_USED,
Rnc13,3164_ToaPayohBlk225,FAJ1211503; EUL TD Scheduling,1139,CXC4020039,Feature,N/A,N/A,Mar 12 2014,May 14 2014,NEVER_USED,
Rnc13,3164_ToaPayohBlk225,FAJ1211714; Interference Suppression (Grake+),1139,CXC4020061,Feature,N/A,N/A,Mar 12 2014,May 28 2014,NEVER_USED,
Rnc13,3164_ToaPayohBlk225,FAJ1212671; Interface Suppression for EUL 10 ms,1139,CXC4020070,Feature,N/A,N/A,Mar 12 2014,May 28 2014,NEVER_USED,
Rnc13,3164_ToaPayohBlk225,FAJ1212370; Interference Suppression for all Bearers,1139,CXC4020065,Feature,N/A,N/A,Mar 12 2014,May 28 2014,NEVER_USED,
Rnc13,3164_ToaPayohBlk225,FAJ1212444; Uplink Fast Congestion Control,1139,CXC4020066,Feature,N/A,N/A,Mar 12 2014,Jun 03 2014,NEVER_USED,
Rnc13,3168_ERACentre,FAJ1211503; EUL TD Scheduling,1154,CXC4020039,Feature,N/A,N/A,Mar 12 2014,May 14 2014,NEVER_USED,
Rnc13,3168_ERACentre,FAJ1211714; Interference Suppression (Grake+),1154,CXC4020061,Feature,N/A,N/A,Mar 12 2014,May 28 2014,NEVER_USED,
Rnc13,3168_ERACentre,FAJ1212370; Interference Suppression for all Bearers,1154,CXC4020065,Feature,N/A,N/A,Mar 12 2014,May 28 2014,NEVER_USED,
Rnc13,3168_ERACentre,FAJ1212671; Interface Suppression for EUL 10 ms,1154,CXC4020070,Feature,N/A,N/A,Mar 12 2014,May 28 2014,NEVER_USED,
Rnc13,3168_ERACentre,FAJ1212444; Uplink Fast Congestion Control,1154,CXC4020066,Feature,N/A,N/A,Mar 12 2014,Jun 03 2014,NEVER_USED,
Rnc13,3938_EnvironmentBldg,FAJ1211503; EUL TD Scheduling,1084,CXC4020039,Feature,N/A,N/A,Mar 12 2014,May 14 2014,NEVER_USED,
Rnc13,3938_EnvironmentBldg,FAJ1211714; Interference Suppression (Grake+),1084,CXC4020061,Feature,N/A,N/A,Mar 12 2014,May 28 2014,NEVER_USED,
Rnc13,3938_EnvironmentBldg,FAJ1212370; Interference Suppression for all Bearers,1084,CXC4020065,Feature,N/A,N/A,Mar 12 2014,May 28 2014,NEVER_USED,
Rnc13,3938_EnvironmentBldg,FAJ1212671; Interface Suppression for EUL 10 ms,1084,CXC4020070,Feature,N/A,N/A,Mar 12 2014,May 28 2014,NEVER_USED,
Rnc13,3938_EnvironmentBldg,FAJ1212444; Uplink Fast Congestion Control,1084,CXC4020066,Feature,N/A,N/A,Mar 12 2014,Jun 03 2014,NEVER_USED,
Rnc13,4113_ToaPayorLorBlk175,FAJ1211503; EUL TD Scheduling,1070,CXC4020039,Feature,N/A,N/A,Feb 23 2014,May 14 2014,NEVER_USED,
Rnc13,4113_ToaPayorLorBlk175,FAJ1211714; Interference Suppression (Grake+),1070,CXC4020061,Feature,N/A,N/A,Feb 23 2014,May 28 2014,NEVER_USED,
Rnc13,4113_ToaPayorLorBlk175,FAJ1212370; Interference Suppression for all Bearers,1070,CXC4020065,Feature,N/A,N/A,Feb 23 2014,May 28 2014,NEVER_USED,
Rnc13,4113_ToaPayorLorBlk175,FAJ1212671; Interface Suppression for EUL 10 ms,1070,CXC4020070,Feature,N/A,N/A,Feb 23 2014,May 28 2014,NEVER_USED,
Rnc13,4113_ToaPayorLorBlk175,FAJ1212444; Uplink Fast Congestion Control,1070,CXC4020066,Feature,N/A,N/A,Feb 23 2014,Jun 03 2014,NEVER_USED,
Rnc13,4114_BraddellViewEstate_MSCP,FAJ1211503; EUL TD Scheduling,1044,CXC4020039,Feature,N/A,N/A,Feb 23 2014,May 14 2014,NEVER_USED,
Rnc13,4114_BraddellViewEstate_MSCP,FAJ1211714; Interference Suppression (Grake+),1044,CXC4020061,Feature,N/A,N/A,Feb 23 2014,May 28 2014,NEVER_USED,
Rnc13,4114_BraddellViewEstate_MSCP,FAJ1212671; Interface Suppression for EUL 10 ms,1044,CXC4020070,Feature,N/A,N/A,Feb 23 2014,May 28 2014,NEVER_USED,
Rnc13,4114_BraddellViewEstate_MSCP,FAJ1212370; Interference Suppression for all Bearers,1044,CXC4020065,Feature,N/A,N/A,Feb 23 2014,May 28 2014,NEVER_USED,
Rnc13,4114_BraddellViewEstate_MSCP,FAJ1212444; Uplink Fast Congestion Control,1044,CXC4020066,Feature,N/A,N/A,Feb 23 2014,Jun 03 2014,NEVER_USED,
Rnc13,4181_AlocassiaApartments,FAJ1211503; EUL TD Scheduling,1035,CXC4020039,Feature,N/A,N/A,Mar 12 2014,May 14 2014,NEVER_USED,
Rnc13,4181_AlocassiaApartments,FAJ1211714; Interference Suppression (Grake+),1035,CXC4020061,Feature,N/A,N/A,Mar 12 2014,May 28 2014,NEVER_USED,
Rnc13,4181_AlocassiaApartments,FAJ1212370; Interference Suppression for all Bearers,1035,CXC4020065,Feature,N/A,N/A,Mar 12 2014,May 28 2014,NEVER_USED,
Rnc13,4181_AlocassiaApartments,FAJ1212671; Interface Suppression for EUL 10 ms,1035,CXC4020070,Feature,N/A,N/A,Mar 12 2014,May 28 2014,NEVER_USED,
Rnc13,4181_AlocassiaApartments,FAJ1212444; Uplink Fast Congestion Control,1035,CXC4020066,Feature,N/A,N/A,Mar 12 2014,Jun 03 2014,NEVER_USED,
Rnc13,4216_ToaPayohSportsHall,FAJ1211503; EUL TD Scheduling,1054,CXC4020039,Feature,N/A,N/A,Mar 12 2014,May 14 2014,NEVER_USED,
Rnc13,4216_ToaPayohSportsHall,FAJ1211714; Interference Suppression (Grake+),1054,CXC4020061,Feature,N/A,N/A,Mar 12 2014,May 28 2014,NEVER_USED,
Rnc13,4216_ToaPayohSportsHall,FAJ1212370; Interference Suppression for all Bearers,1054,CXC4020065,Feature,N/A,N/A,Mar 12 2014,May 28 2014,NEVER_USED,
Rnc13,4216_ToaPayohSportsHall,FAJ1212671; Interface Suppression for EUL 10 ms,1054,CXC4020070,Feature,N/A,N/A,Mar 12 2014,May 28 2014,NEVER_USED,
Rnc13,4216_ToaPayohSportsHall,FAJ1212444; Uplink Fast Congestion Control,1054,CXC4020066,Feature,N/A,N/A,Mar 12 2014,Jun 03 2014,NEVER_USED,
Rnc13,4402_CamdenMedicalCentre,FAJ1211503; EUL TD Scheduling,1012,CXC4020039,Feature,N/A,N/A,Feb 23 2014,May 14 2014,NEVER_USED,
Rnc13,4402_CamdenMedicalCentre,FAJ1211714; Interference Suppression (Grake+),1012,CXC4020061,Feature,N/A,N/A,Feb 23 2014,May 28 2014,NEVER_USED,
Rnc13,4402_CamdenMedicalCentre,FAJ1212370; Interference Suppression for all Bearers,1012,CXC4020065,Feature,N/A,N/A,Feb 23 2014,May 28 2014,NEVER_USED,
Rnc13,4402_CamdenMedicalCentre,FAJ1212671; Interface Suppression for EUL 10 ms,1012,CXC4020070,Feature,N/A,N/A,Feb 23 2014,May 28 2014,NEVER_USED,
Rnc13,4402_CamdenMedicalCentre,FAJ1212444; Uplink Fast Congestion Control,1012,CXC4020066,Feature,N/A,N/A,Feb 23 2014,Jun 03 2014,NEVER_USED,
Rnc13,4448_HorizonTowers,FAJ1211503; EUL TD Scheduling,1008,CXC4020039,Feature,N/A,N/A,Feb 23 2014,May 14 2014,NEVER_USED,
Rnc13,4448_HorizonTowers,FAJ1211714; Interference Suppression (Grake+),1008,CXC4020061,Feature,N/A,N/A,Feb 23 2014,May 28 2014,NEVER_USED,
Rnc13,4448_HorizonTowers,FAJ1212370; Interference Suppression for all Bearers,1008,CXC4020065,Feature,N/A,N/A,Feb 23 2014,May 28 2014,NEVER_USED,
Rnc13,4448_HorizonTowers,FAJ1212671; Interface Suppression for EUL 10 ms,1008,CXC4020070,Feature,N/A,N/A,Feb 23 2014,May 28 2014,NEVER_USED,
Rnc13,4448_HorizonTowers,FAJ1212444; Uplink Fast Congestion Control,1008,CXC4020066,Feature,N/A,N/A,Feb 23 2014,Jun 03 2014,NEVER_USED,
Rnc13,5053_Liat_Tower,FAJ1211503; EUL TD Scheduling,1075,CXC4020039,Feature,N/A,N/A,Mar 12 2014,May 14 2014,NEVER_USED,
Rnc13,5053_Liat_Tower,FAJ1211714; Interference Suppression (Grake+),1075,CXC4020061,Feature,N/A,N/A,Mar 12 2014,May 28 2014,NEVER_USED,
Rnc13,5053_Liat_Tower,FAJ1212370; Interference Suppression for all Bearers,1075,CXC4020065,Feature,N/A,N/A,Mar 12 2014,May 28 2014,NEVER_USED,
Rnc13,5053_Liat_Tower,FAJ1212671; Interface Suppression for EUL 10 ms,1075,CXC4020070,Feature,N/A,N/A,Mar 12 2014,May 28 2014,NEVER_USED,
Rnc13,5053_Liat_Tower,FAJ1212444; Uplink Fast Congestion Control,1075,CXC4020066,Feature,N/A,N/A,Mar 12 2014,Jun 03 2014,NEVER_USED,
Rnc13,5054_TheHeeren,FAJ1211503; EUL TD Scheduling,1065,CXC4020039,Feature,N/A,N/A,Feb 23 2014,May 14 2014,NEVER_USED,
Rnc13,5054_TheHeeren,FAJ1211714; Interference Suppression (Grake+),1065,CXC4020061,Feature,N/A,N/A,Feb 23 2014,May 28 2014,NEVER_USED,
Rnc13,5054_TheHeeren,FAJ1212370; Interference Suppression for all Bearers,1065,CXC4020065,Feature,N/A,N/A,Feb 23 2014,May 28 2014,NEVER_USED,
Rnc13,5054_TheHeeren,FAJ1212671; Interface Suppression for EUL 10 ms,1065,CXC4020070,Feature,N/A,N/A,Feb 23 2014,May 28 2014,NEVER_USED,
Rnc13,5054_TheHeeren,FAJ1212444; Uplink Fast Congestion Control,1065,CXC4020066,Feature,N/A,N/A,Feb 23 2014,Jun 03 2014,NEVER_USED,
Rnc13,5064_Cineleisure,FAJ1211503; EUL TD Scheduling,1116,CXC4020039,Feature,N/A,N/A,Feb 23 2014,May 14 2014,NEVER_USED,
Rnc13,5064_Cineleisure,FAJ1211714; Interference Suppression (Grake+),1116,CXC4020061,Feature,N/A,N/A,Feb 23 2014,May 28 2014,NEVER_USED,
Rnc13,5064_Cineleisure,FAJ1212370; Interference Suppression for all Bearers,1116,CXC4020065,Feature,N/A,N/A,Feb 23 2014,May 28 2014,NEVER_USED,
Rnc13,5064_Cineleisure,FAJ1212671; Interface Suppression for EUL 10 ms,1116,CXC4020070,Feature,N/A,N/A,Feb 23 2014,May 28 2014,NEVER_USED,
Rnc13,5064_Cineleisure,FAJ1212444; Uplink Fast Congestion Control,1116,CXC4020066,Feature,N/A,N/A,Feb 23 2014,Jun 03 2014,NEVER_USED,
Rnc13,5070_Wheelock_Place,FAJ1211503; EUL TD Scheduling,1085,CXC4020039,Feature,N/A,N/A,Feb 23 2014,May 14 2014,NEVER_USED,
Rnc13,5070_Wheelock_Place,FAJ1211714; Interference Suppression (Grake+),1085,CXC4020061,Feature,N/A,N/A,Feb 23 2014,May 28 2014,NEVER_USED,
Rnc13,5070_Wheelock_Place,FAJ1212370; Interference Suppression for all Bearers,1085,CXC4020065,Feature,N/A,N/A,Feb 23 2014,May 28 2014,NEVER_USED,
Rnc13,5070_Wheelock_Place,FAJ1212671; Interface Suppression for EUL 10 ms,1085,CXC4020070,Feature,N/A,N/A,Feb 23 2014,May 28 2014,NEVER_USED,
Rnc13,5070_Wheelock_Place,FAJ1212444; Uplink Fast Congestion Control,1085,CXC4020066,Feature,N/A,N/A,Feb 23 2014,Jun 03 2014,NEVER_USED,
Rnc13,5113_HolidayInnParkview,FAJ1211503; EUL TD Scheduling,1068,CXC4020039,Feature,N/A,N/A,Mar 12 2014,May 14 2014,NEVER_USED,
Rnc13,5113_HolidayInnParkview,FAJ1211714; Interference Suppression (Grake+),1068,CXC4020061,Feature,N/A,N/A,Mar 12 2014,May 28 2014,NEVER_USED,
Rnc13,5113_HolidayInnParkview,FAJ1212370; Interference Suppression for all Bearers,1068,CXC4020065,Feature,N/A,N/A,Mar 12 2014,May 28 2014,NEVER_USED,
Rnc13,5113_HolidayInnParkview,FAJ1212671; Interface Suppression for EUL 10 ms,1068,CXC4020070,Feature,N/A,N/A,Mar 12 2014,May 28 2014,NEVER_USED,
Rnc13,5113_HolidayInnParkview,FAJ1212444; Uplink Fast Congestion Control,1068,CXC4020066,Feature,N/A,N/A,Mar 12 2014,Jun 03 2014,NEVER_USED,
Rnc13,5131_PalaisRennassance,FAJ1211503; EUL TD Scheduling,1070,CXC4020039,Feature,N/A,N/A,Feb 23 2014,May 14 2014,NEVER_USED,
Rnc13,5131_PalaisRennassance,FAJ1211714; Interference Suppression (Grake+),1070,CXC4020061,Feature,N/A,N/A,Feb 23 2014,May 28 2014,NEVER_USED,
Rnc13,5131_PalaisRennassance,FAJ1212370; Interference Suppression for all Bearers,1070,CXC4020065,Feature,N/A,N/A,Feb 23 2014,May 28 2014,NEVER_USED,
Rnc13,5131_PalaisRennassance,FAJ1212671; Interface Suppression for EUL 10 ms,1070,CXC4020070,Feature,N/A,N/A,Feb 23 2014,May 28 2014,NEVER_USED,
Rnc13,5131_PalaisRennassance,FAJ1212444; Uplink Fast Congestion Control,1070,CXC4020066,Feature,N/A,N/A,Feb 23 2014,Jun 03 2014,NEVER_USED,
Rnc13,5212_BalestierPoint,FAJ1211503; EUL TD Scheduling,1053,CXC4020039,Feature,N/A,N/A,Feb 23 2014,May 14 2014,NEVER_USED,
Rnc13,5212_BalestierPoint,FAJ1211714; Interference Suppression (Grake+),1053,CXC4020061,Feature,N/A,N/A,Feb 23 2014,May 28 2014,NEVER_USED,
Rnc13,5212_BalestierPoint,FAJ1212370; Interference Suppression for all Bearers,1053,CXC4020065,Feature,N/A,N/A,Feb 23 2014,May 28 2014,NEVER_USED,
Rnc13,5212_BalestierPoint,FAJ1212671; Interface Suppression for EUL 10 ms,1053,CXC4020070,Feature,N/A,N/A,Feb 23 2014,May 28 2014,NEVER_USED,
Rnc13,5212_BalestierPoint,FAJ1212444; Uplink Fast Congestion Control,1053,CXC4020066,Feature,N/A,N/A,Feb 23 2014,Jun 03 2014,NEVER_USED,
Rnc13,5217_NovenaSquare_HighRise,FAJ1211503; EUL TD Scheduling,1102,CXC4020039,Feature,N/A,N/A,Feb 23 2014,May 14 2014,NEVER_USED,
Rnc13,5217_NovenaSquare_HighRise,FAJ1211714; Interference Suppression (Grake+),1102,CXC4020061,Feature,N/A,N/A,Feb 23 2014,May 28 2014,NEVER_USED,
Rnc13,5217_NovenaSquare_HighRise,FAJ1212370; Interference Suppression for all Bearers,1102,CXC4020065,Feature,N/A,N/A,Feb 23 2014,May 28 2014,NEVER_USED,
Rnc13,5217_NovenaSquare_HighRise,FAJ1212671; Interface Suppression for EUL 10 ms,1102,CXC4020070,Feature,N/A,N/A,Feb 23 2014,May 28 2014,NEVER_USED,
Rnc13,5217_NovenaSquare_HighRise,FAJ1212444; Uplink Fast Congestion Control,1102,CXC4020066,Feature,N/A,N/A,Feb 23 2014,Jun 03 2014,NEVER_USED,
Rnc13,5344_ToaPayohHDBHub_B1,FAJ1211503; EUL TD Scheduling,1141,CXC4020039,Feature,N/A,N/A,Feb 23 2014,May 14 2014,NEVER_USED,
Rnc13,5344_ToaPayohHDBHub_B1,FAJ1211714; Interference Suppression (Grake+),1141,CXC4020061,Feature,N/A,N/A,Feb 23 2014,May 28 2014,NEVER_USED,
Rnc13,5344_ToaPayohHDBHub_B1,FAJ1212370; Interference Suppression for all Bearers,1141,CXC4020065,Feature,N/A,N/A,Feb 23 2014,May 28 2014,NEVER_USED,
Rnc13,5344_ToaPayohHDBHub_B1,FAJ1212671; Interface Suppression for EUL 10 ms,1141,CXC4020070,Feature,N/A,N/A,Feb 23 2014,May 28 2014,NEVER_USED,
Rnc13,5344_ToaPayohHDBHub_B1,FAJ1212444; Uplink Fast Congestion Control,1141,CXC4020066,Feature,N/A,N/A,Feb 23 2014,Jun 03 2014,NEVER_USED,
Rnc13,5380_PhillipsTP3,FAJ1211503; EUL TD Scheduling,1062,CXC4020039,Feature,N/A,N/A,Feb 23 2014,May 14 2014,NEVER_USED,
Rnc13,5380_PhillipsTP3,FAJ1211714; Interference Suppression (Grake+),1062,CXC4020061,Feature,N/A,N/A,Feb 23 2014,May 28 2014,NEVER_USED,
Rnc13,5380_PhillipsTP3,FAJ1212370; Interference Suppression for all Bearers,1062,CXC4020065,Feature,N/A,N/A,Feb 23 2014,May 28 2014,NEVER_USED,
Rnc13,5380_PhillipsTP3,FAJ1212671; Interface Suppression for EUL 10 ms,1062,CXC4020070,Feature,N/A,N/A,Feb 23 2014,May 28 2014,NEVER_USED,
Rnc13,5380_PhillipsTP3,FAJ1212444; Uplink Fast Congestion Control,1062,CXC4020066,Feature,N/A,N/A,Feb 23 2014,Jun 03 2014,NEVER_USED,
Rnc13,5418_Taman_Serasi,FAJ1211503; EUL TD Scheduling,1061,CXC4020039,Feature,N/A,N/A,Mar 12 2014,May 14 2014,NEVER_USED,
Rnc13,5418_Taman_Serasi,FAJ1211714; Interference Suppression (Grake+),1061,CXC4020061,Feature,N/A,N/A,Mar 12 2014,May 28 2014,NEVER_USED,
Rnc13,5418_Taman_Serasi,FAJ1212671; Interface Suppression for EUL 10 ms,1061,CXC4020070,Feature,N/A,N/A,Mar 12 2014,May 28 2014,NEVER_USED,
Rnc13,5418_Taman_Serasi,FAJ1212370; Interference Suppression for all Bearers,1061,CXC4020065,Feature,N/A,N/A,Mar 12 2014,May 28 2014,NEVER_USED,
Rnc13,5418_Taman_Serasi,FAJ1212444; Uplink Fast Congestion Control,1061,CXC4020066,Feature,N/A,N/A,Mar 12 2014,Jun 03 2014,NEVER_USED,
Rnc13,5538_NEL_Farrer_Park_Stn,FAJ1211503; EUL TD Scheduling,1111,CXC4020039,Feature,N/A,N/A,Feb 23 2014,May 14 2014,NEVER_USED,
Rnc13,5538_NEL_Farrer_Park_Stn,FAJ1211714; Interference Suppression (Grake+),1111,CXC4020061,Feature,N/A,N/A,Feb 23 2014,May 28 2014,NEVER_USED,
Rnc13,5538_NEL_Farrer_Park_Stn,FAJ1212370; Interference Suppression for all Bearers,1111,CXC4020065,Feature,N/A,N/A,Feb 23 2014,May 28 2014,NEVER_USED,
Rnc13,5538_NEL_Farrer_Park_Stn,FAJ1212671; Interface Suppression for EUL 10 ms,1111,CXC4020070,Feature,N/A,N/A,Feb 23 2014,May 28 2014,NEVER_USED,
Rnc13,5538_NEL_Farrer_Park_Stn,FAJ1212444; Uplink Fast Congestion Control,1111,CXC4020066,Feature,N/A,N/A,Feb 23 2014,Jun 03 2014,NEVER_USED,
Rnc13,5629_ION_ORCHARD,FAJ1211503; EUL TD Scheduling,1118,CXC4020039,Feature,N/A,N/A,Feb 23 2014,May 14 2014,NEVER_USED,
Rnc13,5629_ION_ORCHARD,FAJ1211714; Interference Suppression (Grake+),1118,CXC4020061,Feature,N/A,N/A,Feb 23 2014,May 28 2014,NEVER_USED,
Rnc13,5629_ION_ORCHARD,FAJ1212370; Interference Suppression for all Bearers,1118,CXC4020065,Feature,N/A,N/A,Feb 23 2014,May 28 2014,NEVER_USED,
Rnc13,5629_ION_ORCHARD,FAJ1212671; Interface Suppression for EUL 10 ms,1118,CXC4020070,Feature,N/A,N/A,Feb 23 2014,May 28 2014,NEVER_USED,
Rnc13,5629_ION_ORCHARD,FAJ1212444; Uplink Fast Congestion Control,1118,CXC4020066,Feature,N/A,N/A,Feb 23 2014,Jun 03 2014,NEVER_USED,
Rnc13,5646_Elizabeth_Hotel,FAJ1211503; EUL TD Scheduling,1044,CXC4020039,Feature,N/A,N/A,Feb 23 2014,May 14 2014,NEVER_USED,
Rnc13,5646_Elizabeth_Hotel,FAJ1211714; Interference Suppression (Grake+),1044,CXC4020061,Feature,N/A,N/A,Feb 23 2014,May 28 2014,NEVER_USED,
Rnc13,5646_Elizabeth_Hotel,FAJ1212370; Interference Suppression for all Bearers,1044,CXC4020065,Feature,N/A,N/A,Feb 23 2014,May 28 2014,NEVER_USED,
Rnc13,5646_Elizabeth_Hotel,FAJ1212671; Interface Suppression for EUL 10 ms,1044,CXC4020070,Feature,N/A,N/A,Feb 23 2014,May 28 2014,NEVER_USED,
Rnc13,5646_Elizabeth_Hotel,FAJ1212444; Uplink Fast Congestion Control,1044,CXC4020066,Feature,N/A,N/A,Feb 23 2014,Jun 03 2014,NEVER_USED,
Rnc13,5655_313_Sommerset,FAJ1211503; EUL TD Scheduling,1072,CXC4020039,Feature,N/A,N/A,Feb 23 2014,May 14 2014,NEVER_USED,
Rnc13,5655_313_Sommerset,FAJ1211714; Interference Suppression (Grake+),1072,CXC4020061,Feature,N/A,N/A,Feb 23 2014,May 28 2014,NEVER_USED,
Rnc13,5655_313_Sommerset,FAJ1212370; Interference Suppression for all Bearers,1072,CXC4020065,Feature,N/A,N/A,Feb 23 2014,May 28 2014,NEVER_USED,
Rnc13,5655_313_Sommerset,FAJ1212671; Interface Suppression for EUL 10 ms,1072,CXC4020070,Feature,N/A,N/A,Feb 23 2014,May 28 2014,NEVER_USED,
Rnc13,5655_313_Sommerset,FAJ1212444; Uplink Fast Congestion Control,1072,CXC4020066,Feature,N/A,N/A,Feb 23 2014,Jun 03 2014,NEVER_USED,
Rnc13,5693_St_Thomas_Suites,FAJ1211503; EUL TD Scheduling,1033,CXC4020039,Feature,N/A,N/A,Mar 12 2014,May 14 2014,NEVER_USED,
Rnc13,5693_St_Thomas_Suites,FAJ1211714; Interference Suppression (Grake+),1033,CXC4020061,Feature,N/A,N/A,Mar 12 2014,May 28 2014,NEVER_USED,
Rnc13,5693_St_Thomas_Suites,FAJ1212370; Interference Suppression for all Bearers,1033,CXC4020065,Feature,N/A,N/A,Mar 12 2014,May 28 2014,NEVER_USED,
Rnc13,5693_St_Thomas_Suites,FAJ1212671; Interface Suppression for EUL 10 ms,1033,CXC4020070,Feature,N/A,N/A,Mar 12 2014,May 28 2014,NEVER_USED,
Rnc13,5693_St_Thomas_Suites,FAJ1212444; Uplink Fast Congestion Control,1033,CXC4020066,Feature,N/A,N/A,Mar 12 2014,Jun 03 2014,NEVER_USED,
Rnc13,5775_Parkway_Novena_Hospital_N_Specialist_Centre,FAJ1211503; EUL TD Scheduling,1023,CXC4020039,Feature,N/A,N/A,Feb 23 2014,May 14 2014,NEVER_USED,
Rnc13,5775_Parkway_Novena_Hospital_N_Specialist_Centre,FAJ1211714; Interference Suppression (Grake+),1023,CXC4020061,Feature,N/A,N/A,Feb 23 2014,May 28 2014,NEVER_USED,
Rnc13,5775_Parkway_Novena_Hospital_N_Specialist_Centre,FAJ1212370; Interference Suppression for all Bearers,1023,CXC4020065,Feature,N/A,N/A,Feb 23 2014,May 28 2014,NEVER_USED,
Rnc13,5775_Parkway_Novena_Hospital_N_Specialist_Centre,FAJ1212671; Interface Suppression for EUL 10 ms,1023,CXC4020070,Feature,N/A,N/A,Feb 23 2014,May 28 2014,NEVER_USED,
Rnc13,5775_Parkway_Novena_Hospital_N_Specialist_Centre,FAJ1212444; Uplink Fast Congestion Control,1023,CXC4020066,Feature,N/A,N/A,Feb 23 2014,Jun 03 2014,NEVER_USED,
Rnc13,5818_Zhongshan_Park_Development,FAJ1211503; EUL TD Scheduling,1018,CXC4020039,Feature,N/A,N/A,Feb 23 2014,May 14 2014,NEVER_USED,
Rnc13,5818_Zhongshan_Park_Development,FAJ1211714; Interference Suppression (Grake+),1018,CXC4020061,Feature,N/A,N/A,Feb 23 2014,May 28 2014,NEVER_USED,
Rnc13,5818_Zhongshan_Park_Development,FAJ1212370; Interference Suppression for all Bearers,1018,CXC4020065,Feature,N/A,N/A,Feb 23 2014,May 28 2014,NEVER_USED,
Rnc13,5818_Zhongshan_Park_Development,FAJ1212671; Interface Suppression for EUL 10 ms,1018,CXC4020070,Feature,N/A,N/A,Feb 23 2014,May 28 2014,NEVER_USED,
Rnc13,5818_Zhongshan_Park_Development,FAJ1212444; Uplink Fast Congestion Control,1018,CXC4020066,Feature,N/A,N/A,Feb 23 2014,Jun 03 2014,NEVER_USED,
Rnc13,5838_13_ArdmorePark_IB,FAJ1211503; EUL TD Scheduling,1020,CXC4020039,Feature,N/A,N/A,Feb 23 2014,May 14 2014,NEVER_USED,
Rnc13,5838_13_ArdmorePark_IB,FAJ1211714; Interference Suppression (Grake+),1020,CXC4020061,Feature,N/A,N/A,Feb 23 2014,May 28 2014,NEVER_USED,
Rnc13,5838_13_ArdmorePark_IB,FAJ1212370; Interference Suppression for all Bearers,1020,CXC4020065,Feature,N/A,N/A,Feb 23 2014,May 28 2014,NEVER_USED,
Rnc13,5838_13_ArdmorePark_IB,FAJ1212671; Interface Suppression for EUL 10 ms,1020,CXC4020070,Feature,N/A,N/A,Feb 23 2014,May 28 2014,NEVER_USED,
Rnc13,5838_13_ArdmorePark_IB,FAJ1212444; Uplink Fast Congestion Control,1020,CXC4020066,Feature,N/A,N/A,Feb 23 2014,Jun 03 2014,NEVER_USED,
Rnc13,5904_HDB_HUB_WEST_WING,FAJ1211503; EUL TD Scheduling,1010,CXC4020039,Feature,N/A,N/A,Feb 23 2014,May 14 2014,NEVER_USED,
Rnc13,5904_HDB_HUB_WEST_WING,FAJ1211714; Interference Suppression (Grake+),1010,CXC4020061,Feature,N/A,N/A,Feb 23 2014,May 28 2014,NEVER_USED,
Rnc13,5904_HDB_HUB_WEST_WING,FAJ1212370; Interference Suppression for all Bearers,1010,CXC4020065,Feature,N/A,N/A,Feb 23 2014,May 28 2014,NEVER_USED,
Rnc13,5904_HDB_HUB_WEST_WING,FAJ1212671; Interface Suppression for EUL 10 ms,1010,CXC4020070,Feature,N/A,N/A,Feb 23 2014,May 28 2014,NEVER_USED,
Rnc13,5904_HDB_HUB_WEST_WING,FAJ1212444; Uplink Fast Congestion Control,1010,CXC4020066,Feature,N/A,N/A,Feb 23 2014,Jun 03 2014,NEVER_USED,
Rnc13,5905_HDB_HUB_ATRIUM,FAJ1211503; EUL TD Scheduling,1011,CXC4020039,Feature,N/A,N/A,Feb 23 2014,May 14 2014,NEVER_USED,
Rnc13,5905_HDB_HUB_ATRIUM,FAJ1211714; Interference Suppression (Grake+),1011,CXC4020061,Feature,N/A,N/A,Feb 23 2014,May 28 2014,NEVER_USED,
Rnc13,5905_HDB_HUB_ATRIUM,FAJ1212370; Interference Suppression for all Bearers,1011,CXC4020065,Feature,N/A,N/A,Feb 23 2014,May 28 2014,NEVER_USED,
Rnc13,5905_HDB_HUB_ATRIUM,FAJ1212671; Interface Suppression for EUL 10 ms,1011,CXC4020070,Feature,N/A,N/A,Feb 23 2014,May 28 2014,NEVER_USED,
Rnc13,5905_HDB_HUB_ATRIUM,FAJ1212444; Uplink Fast Congestion Control,1011,CXC4020066,Feature,N/A,N/A,Feb 23 2014,Jun 03 2014,NEVER_USED,
Rnc13,5938_Regency_House_Office_Tower,FAJ1212444; Uplink Fast Congestion Control,1001,CXC4020066,Feature,N/A,N/A,Feb 23 2014,Jun 03 2014,NEVER_USED,
Rnc13,5939_Environment_Building,FAJ1211503; EUL TD Scheduling,1007,CXC4020039,Feature,N/A,N/A,Feb 23 2014,May 14 2014,NEVER_USED,
Rnc13,5939_Environment_Building,FAJ1211714; Interference Suppression (Grake+),1007,CXC4020061,Feature,N/A,N/A,Feb 23 2014,May 28 2014,NEVER_USED,
Rnc13,5939_Environment_Building,FAJ1212370; Interference Suppression for all Bearers,1007,CXC4020065,Feature,N/A,N/A,Feb 23 2014,May 28 2014,NEVER_USED,
Rnc13,5939_Environment_Building,FAJ1212671; Interface Suppression for EUL 10 ms,1007,CXC4020070,Feature,N/A,N/A,Feb 23 2014,May 28 2014,NEVER_USED,
Rnc13,5939_Environment_Building,FAJ1212444; Uplink Fast Congestion Control,1007,CXC4020066,Feature,N/A,N/A,Feb 23 2014,Jun 03 2014,NEVER_USED,
Rnc13,5980_Tan_Tock_Seng_Hospital_Annexe2,FAJ1212444; Uplink Fast Congestion Control,1002,CXC4020066,Feature,N/A,N/A,Feb 23 2014,Jun 03 2014,NEVER_USED,
Rnc13,83002_ShawCentre,FAJ1212444; Uplink Fast Congestion Control,1001,CXC4020066,Feature,N/A,N/A,Feb 23 2014,Jun 03 2014,NEVER_USED,
Rnc13,83004_TanglinSC,FAJ1211503; EUL TD Scheduling,1013,CXC4020039,Feature,N/A,N/A,Feb 23 2014,May 14 2014,NEVER_USED,
Rnc13,83004_TanglinSC,FAJ1211714; Interference Suppression (Grake+),1013,CXC4020061,Feature,N/A,N/A,Feb 23 2014,May 28 2014,NEVER_USED,
Rnc13,83004_TanglinSC,FAJ1212370; Interference Suppression for all Bearers,1013,CXC4020065,Feature,N/A,N/A,Feb 23 2014,May 28 2014,NEVER_USED,
Rnc13,83004_TanglinSC,FAJ1212671; Interface Suppression for EUL 10 ms,1013,CXC4020070,Feature,N/A,N/A,Feb 23 2014,May 28 2014,NEVER_USED,
Rnc13,83004_TanglinSC,FAJ1212444; Uplink Fast Congestion Control,1013,CXC4020066,Feature,N/A,N/A,Feb 23 2014,Jun 03 2014,NEVER_USED,
Rnc13,83011_OrchardExchange,FAJ1211503; EUL TD Scheduling,1012,CXC4020039,Feature,N/A,N/A,Feb 23 2014,May 14 2014,NEVER_USED,
Rnc13,83011_OrchardExchange,FAJ1211714; Interference Suppression (Grake+),1012,CXC4020061,Feature,N/A,N/A,Feb 23 2014,May 28 2014,NEVER_USED,
Rnc13,83011_OrchardExchange,FAJ1212370; Interference Suppression for all Bearers,1012,CXC4020065,Feature,N/A,N/A,Feb 23 2014,May 28 2014,NEVER_USED,
Rnc13,83011_OrchardExchange,FAJ1212671; Interface Suppression for EUL 10 ms,1012,CXC4020070,Feature,N/A,N/A,Feb 23 2014,May 28 2014,NEVER_USED,
Rnc13,83011_OrchardExchange,FAJ1212444; Uplink Fast Congestion Control,1012,CXC4020066,Feature,N/A,N/A,Feb 23 2014,Jun 03 2014,NEVER_USED,
Rnc13,83152_FuTsuBldg,FAJ1211503; EUL TD Scheduling,1014,CXC4020039,Feature,N/A,N/A,Feb 23 2014,May 14 2014,NEVER_USED,
Rnc13,83152_FuTsuBldg,FAJ1211714; Interference Suppression (Grake+),1014,CXC4020061,Feature,N/A,N/A,Feb 23 2014,May 28 2014,NEVER_USED,
Rnc13,83152_FuTsuBldg,FAJ1212370; Interference Suppression for all Bearers,1014,CXC4020065,Feature,N/A,N/A,Feb 23 2014,May 28 2014,NEVER_USED,
Rnc13,83152_FuTsuBldg,FAJ1212671; Interface Suppression for EUL 10 ms,1014,CXC4020070,Feature,N/A,N/A,Feb 23 2014,May 28 2014,NEVER_USED,
Rnc13,83152_FuTsuBldg,FAJ1212444; Uplink Fast Congestion Control,1014,CXC4020066,Feature,N/A,N/A,Feb 23 2014,Jun 03 2014,NEVER_USED,
Rnc13,83184_PoliceAcademy,FAJ1211320; SRB on HSDPA,1002,CXC4020025,Feature,N/A,N/A,Mar 16 2014,Jun 24 2014,NEVER_USED,
Rnc13,83193_RadioCorporationSingapore,FAJ1211503; EUL TD Scheduling,1012,CXC4020039,Feature,N/A,N/A,Feb 23 2014,May 14 2014,NEVER_USED,
Rnc13,83193_RadioCorporationSingapore,FAJ1211714; Interference Suppression (Grake+),1012,CXC4020061,Feature,N/A,N/A,Feb 23 2014,May 28 2014,NEVER_USED,
Rnc13,83193_RadioCorporationSingapore,FAJ1212370; Interference Suppression for all Bearers,1012,CXC4020065,Feature,N/A,N/A,Feb 23 2014,May 28 2014,NEVER_USED,
Rnc13,83193_RadioCorporationSingapore,FAJ1212671; Interface Suppression for EUL 10 ms,1012,CXC4020070,Feature,N/A,N/A,Feb 23 2014,May 28 2014,NEVER_USED,
Rnc13,83193_RadioCorporationSingapore,FAJ1212444; Uplink Fast Congestion Control,1012,CXC4020066,Feature,N/A,N/A,Feb 23 2014,Jun 03 2014,NEVER_USED,
Rnc13,83222_TanglinHillMeadow,FAJ1211503; EUL TD Scheduling,1013,CXC4020039,Feature,N/A,N/A,Feb 23 2014,May 14 2014,NEVER_USED,
Rnc13,83222_TanglinHillMeadow,FAJ1211714; Interference Suppression (Grake+),1013,CXC4020061,Feature,N/A,N/A,Feb 23 2014,May 28 2014,NEVER_USED,
Rnc13,83222_TanglinHillMeadow,FAJ1212370; Interference Suppression for all Bearers,1013,CXC4020065,Feature,N/A,N/A,Feb 23 2014,May 28 2014,NEVER_USED,
Rnc13,83222_TanglinHillMeadow,FAJ1212671; Interface Suppression for EUL 10 ms,1013,CXC4020070,Feature,N/A,N/A,Feb 23 2014,May 28 2014,NEVER_USED,
Rnc13,83222_TanglinHillMeadow,FAJ1212444; Uplink Fast Congestion Control,1013,CXC4020066,Feature,N/A,N/A,Feb 23 2014,Jun 03 2014,NEVER_USED,
Rnc13,83856_KimKeatLinkBlk249,FAJ1211503; EUL TD Scheduling,1013,CXC4020039,Feature,N/A,N/A,Feb 23 2014,May 14 2014,NEVER_USED,
Rnc13,83856_KimKeatLinkBlk249,FAJ1211714; Interference Suppression (Grake+),1013,CXC4020061,Feature,N/A,N/A,Feb 23 2014,May 28 2014,NEVER_USED,
Rnc13,83856_KimKeatLinkBlk249,FAJ1212370; Interference Suppression for all Bearers,1013,CXC4020065,Feature,N/A,N/A,Feb 23 2014,May 28 2014,NEVER_USED,
Rnc13,83856_KimKeatLinkBlk249,FAJ1212671; Interface Suppression for EUL 10 ms,1013,CXC4020070,Feature,N/A,N/A,Feb 23 2014,May 28 2014,NEVER_USED,
Rnc13,83856_KimKeatLinkBlk249,FAJ1212444; Uplink Fast Congestion Control,1013,CXC4020066,Feature,N/A,N/A,Feb 23 2014,Jun 03 2014,NEVER_USED,
Rnc13,83872_OrchardShoppingCtr,FAJ1211503; EUL TD Scheduling,1011,CXC4020039,Feature,N/A,N/A,Feb 23 2014,May 14 2014,NEVER_USED,
Rnc13,83872_OrchardShoppingCtr,FAJ1211714; Interference Suppression (Grake+),1011,CXC4020061,Feature,N/A,N/A,Feb 23 2014,May 28 2014,NEVER_USED,
Rnc13,83872_OrchardShoppingCtr,FAJ1212370; Interference Suppression for all Bearers,1011,CXC4020065,Feature,N/A,N/A,Feb 23 2014,May 28 2014,NEVER_USED,
Rnc13,83872_OrchardShoppingCtr,FAJ1212671; Interface Suppression for EUL 10 ms,1011,CXC4020070,Feature,N/A,N/A,Feb 23 2014,May 28 2014,NEVER_USED,
Rnc13,83872_OrchardShoppingCtr,FAJ1212444; Uplink Fast Congestion Control,1011,CXC4020066,Feature,N/A,N/A,Feb 23 2014,Jun 03 2014,NEVER_USED,
Rnc13,85043_NgeeAnnCity_TwrA,FAJ1211503; EUL TD Scheduling,1012,CXC4020039,Feature,N/A,N/A,Feb 23 2014,May 14 2014,NEVER_USED,
Rnc13,85043_NgeeAnnCity_TwrA,FAJ1211714; Interference Suppression (Grake+),1012,CXC4020061,Feature,N/A,N/A,Feb 23 2014,May 28 2014,NEVER_USED,
Rnc13,85043_NgeeAnnCity_TwrA,FAJ1212370; Interference Suppression for all Bearers,1012,CXC4020065,Feature,N/A,N/A,Feb 23 2014,May 28 2014,NEVER_USED,
Rnc13,85043_NgeeAnnCity_TwrA,FAJ1212671; Interface Suppression for EUL 10 ms,1012,CXC4020070,Feature,N/A,N/A,Feb 23 2014,May 28 2014,NEVER_USED,
Rnc13,85043_NgeeAnnCity_TwrA,FAJ1212444; Uplink Fast Congestion Control,1012,CXC4020066,Feature,N/A,N/A,Feb 23 2014,Jun 03 2014,NEVER_USED,
Rnc13,85045_NgeeAnnCity_TwrB,FAJ1211503; EUL TD Scheduling,1012,CXC4020039,Feature,N/A,N/A,Feb 23 2014,May 14 2014,NEVER_USED,
Rnc13,85045_NgeeAnnCity_TwrB,FAJ1211714; Interference Suppression (Grake+),1012,CXC4020061,Feature,N/A,N/A,Feb 23 2014,May 28 2014,NEVER_USED,
Rnc13,85045_NgeeAnnCity_TwrB,FAJ1212370; Interference Suppression for all Bearers,1012,CXC4020065,Feature,N/A,N/A,Feb 23 2014,May 28 2014,NEVER_USED,
Rnc13,85045_NgeeAnnCity_TwrB,FAJ1212671; Interface Suppression for EUL 10 ms,1012,CXC4020070,Feature,N/A,N/A,Feb 23 2014,May 28 2014,NEVER_USED,
Rnc13,85045_NgeeAnnCity_TwrB,FAJ1212444; Uplink Fast Congestion Control,1012,CXC4020066,Feature,N/A,N/A,Feb 23 2014,Jun 03 2014,NEVER_USED,
Rnc13,85063_CentrePoint,FAJ1211503; EUL TD Scheduling,1013,CXC4020039,Feature,N/A,N/A,Feb 23 2014,May 14 2014,NEVER_USED,
Rnc13,85063_CentrePoint,FAJ1211714; Interference Suppression (Grake+),1013,CXC4020061,Feature,N/A,N/A,Feb 23 2014,May 28 2014,NEVER_USED,
Rnc13,85063_CentrePoint,FAJ1212370; Interference Suppression for all Bearers,1013,CXC4020065,Feature,N/A,N/A,Feb 23 2014,May 28 2014,NEVER_USED,
Rnc13,85063_CentrePoint,FAJ1212671; Interface Suppression for EUL 10 ms,1013,CXC4020070,Feature,N/A,N/A,Feb 23 2014,May 28 2014,NEVER_USED,
Rnc13,85063_CentrePoint,FAJ1212444; Uplink Fast Congestion Control,1013,CXC4020066,Feature,N/A,N/A,Feb 23 2014,Jun 03 2014,NEVER_USED,
Rnc13,85070_Wheelock_Place,FAJ1211503; EUL TD Scheduling,1012,CXC4020039,Feature,N/A,N/A,Feb 23 2014,May 14 2014,NEVER_USED,
Rnc13,85070_Wheelock_Place,FAJ1211714; Interference Suppression (Grake+),1012,CXC4020061,Feature,N/A,N/A,Feb 23 2014,May 28 2014,NEVER_USED,
Rnc13,85070_Wheelock_Place,FAJ1212370; Interference Suppression for all Bearers,1012,CXC4020065,Feature,N/A,N/A,Feb 23 2014,May 28 2014,NEVER_USED,
Rnc13,85070_Wheelock_Place,FAJ1212671; Interface Suppression for EUL 10 ms,1012,CXC4020070,Feature,N/A,N/A,Feb 23 2014,May 28 2014,NEVER_USED,
Rnc13,85070_Wheelock_Place,FAJ1212444; Uplink Fast Congestion Control,1012,CXC4020066,Feature,N/A,N/A,Feb 23 2014,Jun 03 2014,NEVER_USED,
Rnc13,85325_Gleaneagles_Hospital,FAJ1211503; EUL TD Scheduling,1013,CXC4020039,Feature,N/A,N/A,Feb 23 2014,May 14 2014,NEVER_USED,
Rnc13,85325_Gleaneagles_Hospital,FAJ1211714; Interference Suppression (Grake+),1013,CXC4020061,Feature,N/A,N/A,Feb 23 2014,May 28 2014,NEVER_USED,
Rnc13,85325_Gleaneagles_Hospital,FAJ1212370; Interference Suppression for all Bearers,1013,CXC4020065,Feature,N/A,N/A,Feb 23 2014,May 28 2014,NEVER_USED,
Rnc13,85325_Gleaneagles_Hospital,FAJ1212671; Interface Suppression for EUL 10 ms,1013,CXC4020070,Feature,N/A,N/A,Feb 23 2014,May 28 2014,NEVER_USED,
Rnc13,85325_Gleaneagles_Hospital,FAJ1212444; Uplink Fast Congestion Control,1013,CXC4020066,Feature,N/A,N/A,Feb 23 2014,Jun 03 2014,NEVER_USED,
Rnc13,85332_Mt_Alvernia_Hosp,FAJ1211503; EUL TD Scheduling,1013,CXC4020039,Feature,N/A,N/A,Feb 23 2014,May 14 2014,NEVER_USED,
Rnc13,85332_Mt_Alvernia_Hosp,FAJ1211714; Interference Suppression (Grake+),1013,CXC4020061,Feature,N/A,N/A,Feb 23 2014,May 28 2014,NEVER_USED,
Rnc13,85332_Mt_Alvernia_Hosp,FAJ1212370; Interference Suppression for all Bearers,1013,CXC4020065,Feature,N/A,N/A,Feb 23 2014,May 28 2014,NEVER_USED,
Rnc13,85332_Mt_Alvernia_Hosp,FAJ1212671; Interface Suppression for EUL 10 ms,1013,CXC4020070,Feature,N/A,N/A,Feb 23 2014,May 28 2014,NEVER_USED,
Rnc13,85332_Mt_Alvernia_Hosp,FAJ1212444; Uplink Fast Congestion Control,1013,CXC4020066,Feature,N/A,N/A,Feb 23 2014,Jun 03 2014,NEVER_USED,
Rnc13,85468_SLF_Bldg,FAJ1211503; EUL TD Scheduling,1011,CXC4020039,Feature,N/A,N/A,Feb 23 2014,May 14 2014,NEVER_USED,
Rnc13,85468_SLF_Bldg,FAJ1211714; Interference Suppression (Grake+),1011,CXC4020061,Feature,N/A,N/A,Feb 23 2014,May 28 2014,NEVER_USED,
Rnc13,85468_SLF_Bldg,FAJ1212370; Interference Suppression for all Bearers,1011,CXC4020065,Feature,N/A,N/A,Feb 23 2014,May 28 2014,NEVER_USED,
Rnc13,85468_SLF_Bldg,FAJ1212671; Interface Suppression for EUL 10 ms,1011,CXC4020070,Feature,N/A,N/A,Feb 23 2014,May 28 2014,NEVER_USED,
Rnc13,85468_SLF_Bldg,FAJ1212444; Uplink Fast Congestion Control,1011,CXC4020066,Feature,N/A,N/A,Feb 23 2014,Jun 03 2014,NEVER_USED,
Rnc13,85537_NEL_Boon_Keng_Stn,FAJ1211503; EUL TD Scheduling,1011,CXC4020039,Feature,N/A,N/A,Feb 23 2014,May 14 2014,NEVER_USED,
Rnc13,85537_NEL_Boon_Keng_Stn,FAJ1211714; Interference Suppression (Grake+),1011,CXC4020061,Feature,N/A,N/A,Feb 23 2014,May 28 2014,NEVER_USED,
Rnc13,85537_NEL_Boon_Keng_Stn,FAJ1212370; Interference Suppression for all Bearers,1011,CXC4020065,Feature,N/A,N/A,Feb 23 2014,May 28 2014,NEVER_USED,
Rnc13,85537_NEL_Boon_Keng_Stn,FAJ1212671; Interface Suppression for EUL 10 ms,1011,CXC4020070,Feature,N/A,N/A,Feb 23 2014,May 28 2014,NEVER_USED,
Rnc13,85537_NEL_Boon_Keng_Stn,FAJ1212444; Uplink Fast Congestion Control,1011,CXC4020066,Feature,N/A,N/A,Feb 23 2014,Jun 03 2014,NEVER_USED,
Rnc13,85538_NEL_Farrer_Park_Stn,FAJ1211503; EUL TD Scheduling,1011,CXC4020039,Feature,N/A,N/A,Feb 23 2014,May 14 2014,NEVER_USED,
Rnc13,85538_NEL_Farrer_Park_Stn,FAJ1211714; Interference Suppression (Grake+),1011,CXC4020061,Feature,N/A,N/A,Feb 23 2014,May 28 2014,NEVER_USED,
Rnc13,85538_NEL_Farrer_Park_Stn,FAJ1212370; Interference Suppression for all Bearers,1011,CXC4020065,Feature,N/A,N/A,Feb 23 2014,May 28 2014,NEVER_USED,
Rnc13,85538_NEL_Farrer_Park_Stn,FAJ1212671; Interface Suppression for EUL 10 ms,1011,CXC4020070,Feature,N/A,N/A,Feb 23 2014,May 28 2014,NEVER_USED,
Rnc13,85538_NEL_Farrer_Park_Stn,FAJ1212444; Uplink Fast Congestion Control,1011,CXC4020066,Feature,N/A,N/A,Feb 23 2014,Jun 03 2014,NEVER_USED,
Rnc13,85629_ION_ORCHARD,FAJ1211503; EUL TD Scheduling,1011,CXC4020039,Feature,N/A,N/A,Feb 23 2014,May 14 2014,NEVER_USED,
Rnc13,85629_ION_ORCHARD,FAJ1211714; Interference Suppression (Grake+),1011,CXC4020061,Feature,N/A,N/A,Feb 23 2014,May 28 2014,NEVER_USED,
Rnc13,85629_ION_ORCHARD,FAJ1212370; Interference Suppression for all Bearers,1011,CXC4020065,Feature,N/A,N/A,Feb 23 2014,May 28 2014,NEVER_USED,
Rnc13,85629_ION_ORCHARD,FAJ1212671; Interface Suppression for EUL 10 ms,1011,CXC4020070,Feature,N/A,N/A,Feb 23 2014,May 28 2014,NEVER_USED,
Rnc13,85629_ION_ORCHARD,FAJ1212444; Uplink Fast Congestion Control,1011,CXC4020066,Feature,N/A,N/A,Feb 23 2014,Jun 03 2014,NEVER_USED,
Rnc13,85655_313_Sommerset,FAJ1211503; EUL TD Scheduling,1011,CXC4020039,Feature,N/A,N/A,Feb 23 2014,May 14 2014,NEVER_USED,
Rnc13,85655_313_Sommerset,FAJ1211714; Interference Suppression (Grake+),1011,CXC4020061,Feature,N/A,N/A,Feb 23 2014,May 28 2014,NEVER_USED,
Rnc13,85655_313_Sommerset,FAJ1212370; Interference Suppression for all Bearers,1011,CXC4020065,Feature,N/A,N/A,Feb 23 2014,May 28 2014,NEVER_USED,
Rnc13,85655_313_Sommerset,FAJ1212671; Interface Suppression for EUL 10 ms,1011,CXC4020070,Feature,N/A,N/A,Feb 23 2014,May 28 2014,NEVER_USED,
Rnc13,85655_313_Sommerset,FAJ1212444; Uplink Fast Congestion Control,1011,CXC4020066,Feature,N/A,N/A,Feb 23 2014,Jun 03 2014,NEVER_USED,
Rnc13,85705_OrchardPointShoppingCentre,FAJ1211503; EUL TD Scheduling,1013,CXC4020039,Feature,N/A,N/A,Feb 23 2014,May 14 2014,NEVER_USED,
Rnc13,85705_OrchardPointShoppingCentre,FAJ1211714; Interference Suppression (Grake+),1013,CXC4020061,Feature,N/A,N/A,Feb 23 2014,May 28 2014,NEVER_USED,
Rnc13,85705_OrchardPointShoppingCentre,FAJ1212370; Interference Suppression for all Bearers,1013,CXC4020065,Feature,N/A,N/A,Feb 23 2014,May 28 2014,NEVER_USED,
Rnc13,85705_OrchardPointShoppingCentre,FAJ1212671; Interface Suppression for EUL 10 ms,1013,CXC4020070,Feature,N/A,N/A,Feb 23 2014,May 28 2014,NEVER_USED,
Rnc13,85705_OrchardPointShoppingCentre,FAJ1212444; Uplink Fast Congestion Control,1013,CXC4020066,Feature,N/A,N/A,Feb 23 2014,Jun 03 2014,NEVER_USED,
Rnc13,85857_ION_Orchard,FAJ1211503; EUL TD Scheduling,1010,CXC4020039,Feature,N/A,N/A,Feb 17 2014,May 14 2014,NEVER_USED,
Rnc13,85857_ION_Orchard,FAJ1211714; Interference Suppression (Grake+),1010,CXC4020061,Feature,N/A,N/A,Feb 17 2014,May 28 2014,NEVER_USED,
Rnc13,85857_ION_Orchard,FAJ1212370; Interference Suppression for all Bearers,1010,CXC4020065,Feature,N/A,N/A,Feb 17 2014,May 28 2014,NEVER_USED,
Rnc13,85857_ION_Orchard,FAJ1212671; Interface Suppression for EUL 10 ms,1010,CXC4020070,Feature,N/A,N/A,Feb 17 2014,May 28 2014,NEVER_USED,
Rnc14,3864_HougangSt51Blk553,FAJ1211320; SRB on HSDPA,1129,CXC4020025,Feature,N/A,N/A,Mar 16 2014,Apr 16 2014,NEVER_USED,
Rnc14,3325_AngMoKioBlk205,FAJ1211320; SRB on HSDPA,1129,CXC4020025,Feature,N/A,N/A,Mar 16 2014,Apr 16 2014,NEVER_USED,
Rnc14,3333_AngMoKioBlk610,FAJ1211320; SRB on HSDPA,1118,CXC4020025,Feature,N/A,N/A,Mar 16 2014,Apr 23 2014,NEVER_USED,
Rnc14,3333_AngMoKioBlk610,FAJ1211320; SRB on HSDPA,1118,CXC4020025,Feature,N/A,N/A,Mar 16 2014,May 22 2014,NEVER_USED,
Rnc14,3333_AngMoKioBlk610,FAJ1211320; SRB on HSDPA,1118,CXC4020025,Feature,N/A,N/A,Mar 16 2014,May 23 2014,NEVER_USED,
Rnc14,4449_Serangoon_Ave2_Blk319,FAJ1211320; SRB on HSDPA,1007,CXC4020025,Feature,N/A,N/A,Mar 16 2014,May 23 2014,NEVER_USED,
Rnc14,5371_New_Tech_Park,FAJ1211320; SRB on HSDPA,1073,CXC4020025,Feature,N/A,N/A,Mar 17 2014,May 23 2014,NEVER_USED,
Rnc14,3333_AngMoKioBlk610,FAJ1211320; SRB on HSDPA,1118,CXC4020025,Feature,N/A,N/A,Mar 16 2014,Jun 23 2014,NEVER_USED,
Rnc14,3335_AngMoKioBlk621,FAJ1211320; SRB on HSDPA,1101,CXC4020025,Feature,N/A,N/A,Mar 16 2014,Jun 24 2014,NEVER_USED,
Rnc14,3381_DaJinFactoryBldg,FAJ1211320; SRB on HSDPA,1117,CXC4020025,Feature,N/A,N/A,Mar 16 2014,Jun 24 2014,NEVER_USED,
Rnc14,3554_HougangBlk434,FAJ1211320; SRB on HSDPA,1119,CXC4020025,Feature,N/A,N/A,Mar 16 2014,Jun 24 2014,NEVER_USED,
Rnc14,3317_NanyangPolytechnicBlkL,FAJ1211320; SRB on HSDPA,1110,CXC4020025,Feature,N/A,N/A,Mar 16 2014,Jun 24 2014,NEVER_USED,
Rnc14,3784_AngMoKioAve3Blk322,FAJ1211320; SRB on HSDPA,1126,CXC4020025,Feature,N/A,N/A,Mar 16 2014,Jun 24 2014,NEVER_USED,
Rnc14,3332_AngMoKioBlk649,FAJ1211320; SRB on HSDPA,1133,CXC4020025,Feature,N/A,N/A,Mar 16 2014,Jun 24 2014,NEVER_USED,
Rnc14,3377_HougangBlk221,FAJ1211320; SRB on HSDPA,1134,CXC4020025,Feature,N/A,N/A,Mar 16 2014,Jun 24 2014,NEVER_USED,
Rnc14,3545_HougangBlk531,FAJ1211320; SRB on HSDPA,1116,CXC4020025,Feature,N/A,N/A,Mar 16 2014,Jun 24 2014,NEVER_USED,
Rnc14,3553_HougangBlk680,FAJ1211320; SRB on HSDPA,1131,CXC4020025,Feature,N/A,N/A,Mar 16 2014,Jun 24 2014,NEVER_USED,
Rnc14,3546_Hougang320,FAJ1211320; SRB on HSDPA,1118,CXC4020025,Feature,N/A,N/A,Mar 16 2014,Jun 24 2014,NEVER_USED,
Rnc14,3556_HougangBlk627,FAJ1211320; SRB on HSDPA,1141,CXC4020025,Feature,N/A,N/A,Mar 16 2014,Jun 24 2014,NEVER_USED,
Rnc14,3557_HougangBlk911,FAJ1211320; SRB on HSDPA,1125,CXC4020025,Feature,N/A,N/A,Mar 16 2014,Jun 24 2014,NEVER_USED,
Rnc14,3312_AngMoKioBlk512,FAJ1211320; SRB on HSDPA,1160,CXC4020025,Feature,N/A,N/A,Mar 16 2014,Jun 24 2014,NEVER_USED,
Rnc14,3378_HougangBlk230,FAJ1211320; SRB on HSDPA,1129,CXC4020025,Feature,N/A,N/A,Mar 16 2014,Jun 24 2014,NEVER_USED,
Rnc14,3308_AngMoKioBlk445,FAJ1211320; SRB on HSDPA,1165,CXC4020025,Feature,N/A,N/A,Mar 16 2014,Jun 24 2014,NEVER_USED,
Rnc14,3385_PayaLebarExchangeII,FAJ1211320; SRB on HSDPA,1100,CXC4020025,Feature,N/A,N/A,Mar 16 2014,Jun 24 2014,NEVER_USED,
Rnc14,3794_HougangAve7Blk336,FAJ1211320; SRB on HSDPA,1095,CXC4020025,Feature,N/A,N/A,Mar 16 2014,Jun 24 2014,NEVER_USED,
Rnc14,3547_HougangBlk302,FAJ1211320; SRB on HSDPA,1134,CXC4020025,Feature,N/A,N/A,Mar 16 2014,Jun 24 2014,NEVER_USED,
Rnc14,3770_SerangoonNthAve4Blk535A,FAJ1211320; SRB on HSDPA,1105,CXC4020025,Feature,N/A,N/A,Mar 16 2014,Jun 24 2014,NEVER_USED,
Rnc14,3307_AngMoKioBlk314,FAJ1211320; SRB on HSDPA,1143,CXC4020025,Feature,N/A,N/A,Mar 16 2014,Jun 24 2014,NEVER_USED,
Rnc14,3327_AngMoKioBlk129,FAJ1211320; SRB on HSDPA,1130,CXC4020025,Feature,N/A,N/A,Mar 16 2014,Jun 24 2014,NEVER_USED,
Rnc14,3316_SingIndCmplx,FAJ1211320; SRB on HSDPA,1124,CXC4020025,Feature,N/A,N/A,Mar 16 2014,Jun 24 2014,NEVER_USED,
Rnc14,3551_HougangBlk958,FAJ1211320; SRB on HSDPA,1122,CXC4020025,Feature,N/A,N/A,Mar 16 2014,Jun 24 2014,NEVER_USED,
Rnc14,3314_AngMoKioBlk540,FAJ1211320; SRB on HSDPA,1159,CXC4020025,Feature,N/A,N/A,Mar 16 2014,Jun 24 2014,NEVER_USED,
Rnc14,5703_Nex_Serangoon,FAJ1211320; SRB on HSDPA,1084,CXC4020025,Feature,N/A,N/A,Mar 16 2014,Jun 24 2014,NEVER_USED,
Rnc14,3768_MimosaPk,FAJ1211320; SRB on HSDPA,1125,CXC4020025,Feature,N/A,N/A,Mar 16 2014,Jun 24 2014,NEVER_USED,
Rnc14,4107_KovanMelodyBlk35,FAJ1211320; SRB on HSDPA,1112,CXC4020025,Feature,N/A,N/A,Mar 16 2014,Jun 24 2014,NEVER_USED,
Rnc14,3550_HougangBlk952,FAJ1211320; SRB on HSDPA,1116,CXC4020025,Feature,N/A,N/A,Mar 16 2014,Jun 24 2014,NEVER_USED,
Rnc14,3373_HougangBlk172,FAJ1211320; SRB on HSDPA,1117,CXC4020025,Feature,N/A,N/A,Mar 16 2014,Jun 24 2014,NEVER_USED,
Rnc14,3310_SerangoonNorthBlk510,FAJ1211320; SRB on HSDPA,1144,CXC4020025,Feature,N/A,N/A,Mar 16 2014,Jun 24 2014,NEVER_USED,
Rnc14,3552_HougangBlk512,FAJ1211320; SRB on HSDPA,1143,CXC4020025,Feature,N/A,N/A,Mar 16 2014,Jun 24 2014,NEVER_USED,
Rnc14,4064_Rose_Lodge_YCK,FAJ1211320; SRB on HSDPA,1073,CXC4020025,Feature,N/A,N/A,Mar 16 2014,Jun 24 2014,NEVER_USED,
Rnc14,3555_HougangBlk686,FAJ1211320; SRB on HSDPA,1124,CXC4020025,Feature,N/A,N/A,Mar 16 2014,Jun 24 2014,NEVER_USED,
Rnc14,3309_AngMoKioBlk564,FAJ1211320; SRB on HSDPA,1138,CXC4020025,Feature,N/A,N/A,Mar 16 2014,Jun 24 2014,NEVER_USED,
Rnc14,3315_AngMoKioBlk502,FAJ1211320; SRB on HSDPA,1135,CXC4020025,Feature,N/A,N/A,Mar 16 2014,Jun 24 2014,NEVER_USED,
