Item,RBS ID,Site Name
1,1498,SmallCell
2,3386,TanahMerahFerryTerminalSubstation
3,3388,NsResortAndCCSubstn
4,3389,9ChangiSouthStreet3
5,3390,YASBldg
6,3391,DatumPoint
7,3392,Sats
8,3393,ChangiSouthSubstation
9,3394,ExpressionTechnologyCentre
10,3395,ChangiExchange
11,3396,ChangiAirCargo
12,3398,ChangiVillageHotel
13,3401,ChangiAirport
14,3402,CargoAgent
15,3404,Honeywell
16,3415,TampinesBlk346
17,3418,TampinesBlk363
18,3420,TampinesBlk487A
19,3436,TampinesBlk496E
20,3437,TampinesBlk491A
21,3568,PasirRisBlk199
22,3569,PasirRisBlk215
23,3570,PasirRisBlk131
24,3571,PasirRisBlk236
25,3572,PasirRisBlk244
26,3573,PasirRisBlk110
27,3574,PasirRisBlk414
28,3575,JTC
29,3576,30LoyangWay
30,3577,Midcontinent
31,3578,Kenyon
32,3579,PasirRisBlk275
33,3580,SelarangCampBlk20
34,3581,PasirRisBlk143
35,3582,PasirRisBlk475
36,3595,PasirRisBlk562
37,3596,PasirRisBlk570
38,3597,PasirRisBlk583
39,3598,PasirRisBlk709
40,3599,PasirRisBlk532
41,3600,EliasRoadBlk601
42,3601,PasirRisBlk644
43,3602,PasirRisBlk774
44,3603,PasirRisBlk753
45,3604,TampinesAve10
46,3605,PasirRisWafer
47,3609,PasirRisParkNo3
48,3751,LadangCampBlk56
49,3752,PulauTekongCamp3
50,3753,PulauTekongCamp2
51,3754,PulauUbinCommunicationTower
52,3828,PasirRisSt21Blk268
53,3829,ChangiAirportTerminal1
54,3837,SDV
55,3844,TampinesSt43Blk495B
56,3847,LoyangAveLampostNo34
57,3850,TampinesSt32Blk332
58,3860,LoyangWayLampostNo4
59,3862,PasirRisSt51Blk550
60,3866,CompassGreenBlk104SectA
61,3875,CAAS
62,3890,SeamapPteLtd
63,3891,ChangiFlyoverLampostNo2F13
64,3893,TheEdgewaterCondo
65,3899,ChangiCoastRoadLampostNo233
66,3901,ChangiExhibitionCentre
67,3910,PasirRisHolidayCplx
68,3915,CEC
69,3917,SiltronicSamsungWaferFab
70,3946,ShalomBiblePresbyterianChurch
71,3959,ChangiWaterReclamationPlant
72,3977,ChangiPrisonBilkA1
73,3978,FutarEnterprisePL
74,3987,OTFAquariumFarm
75,3989,24TurnhouseRd
76,3992,EhubDowntownEast
77,3993,PasirRisDr4Blk484
78,4003,TampinesSt45BBlk489B
79,4005,PasirRisSt52Blk511
80,4016,TampinesFlyoverLampostNo245
81,4022,ClusterBPrisonComplex
82,4047,ChangicoastRdLamppost65
83,4054,OutwardBoundSingaporeCamp1
84,4137,TanahMerahCountryClub
85,4141,TMCC
86,4152,SimSiangChoonBuilding
87,4165,Cascadale
88,4337,ChangiExhibitionCentre
89,4381,TelokPakuRoadLamppost14
90,4406,ChangiCoastRoadLampost
91,4433,SAF
92,4445,ChangiLodgeDormitory
93,4465,Sunny
94,4475,Hansapoint
95,4486,PasirRisGrove
96,4489,PasirRisDr1
97,5038,SingaporeExpoPod10
98,5039,SingaporeExpoPod12
99,5089,ChangiAirportT1
100,5090,ChangiAirportT1EastWingMain
101,5091,ChangiAirportT1EastWing
102,5092,ChangiAirportT1WestWingMain
103,5093,ChangiAirportT1WestWing
104,5094,ChangiAirportT2
105,5095,ChangiAirportT2NorthWing
106,5096,ChangiAirportT2SouthWing
107,5097,ChangiAirportT2SouthMain
108,5098,ChangiAirportT2VIPComplex
109,5203,Laguna
110,5240,LoyangPoint
111,5245,WhiteSandShoppingCentre
112,5337,SIA
113,5338,SIA
114,5342,SICC2
115,5353,SICC1
116,5398,Singapore
117,5415,ChangiAirportT3
118,5416,ChangiAirportT3
119,5417,ChangiAirportT3
120,5423,IKEA
121,5427,CourtsMegaStore
122,5436,Changi
123,5452,Giant
124,5455,SiltronicSamsungAdminBldg
125,5465,ChangiAirportT3
126,5470,CompassGreen
127,5471,Changi
128,5476,CrownPlaza
129,5478,ChangiAirport
130,5479,ChangiAirport
131,5493,SIA
132,5499,Chartered
133,5545,CAL
134,5546,CAL
135,5547,CAL
136,5611,DNV
137,5614,Eagle
138,5619,Changi
139,5620,Changi
140,5664,Standard
141,5665,DBS
142,5692,NS
143,5710,Citi
144,5755,LoradsIIISingaporeAirControlCtr
145,5774,ChangiCityPoint
146,5808,DHL
147,5821,Singapore
148,5823,Capri
149,5829,Airport
150,5834,CEVA
151,5836,PLAZA
152,5837,UE
153,5854,FedexExpress
154,5911,One
155,5918,ChangiExhibitionCentre
156,83389,9ChangiSouthStreet3
157,83390,YASBldg
158,83395,ChangiExchange
159,83576,30LoyangWay
160,83577,Midcontinent
161,83578,Kenyon
162,83604,TampinesAve10
163,83837,SDV
164,83890,SeamapPteLtd
165,83893,TheEdgewaterCondo
166,83901,ChangiExhibitionCentre
167,83915,CEC
168,83946,ShalomBiblePresbyterianChurch
169,83978,FutarEnterprisePL
170,83987,OTFAquariumFarm
171,83989,24TurnhouseRd
172,83992,EhubDowntownEast
173,84152,SimSiangChoonBuilding
174,84337,ChangiExhibitionCentre
175,84475,Hansapoint
176,85038,SingaporeExpoPod10
177,85039,SingaporeExpoPod12
178,85245,WhiteSandShoppingCentre
179,85338,SIA
180,85342,SICC2
181,85398,Singapore
182,85415,ChangiAirportT3
183,85416,ChangiAirportT3
184,85417,ChangiAirportT3
185,85423,IKEA
186,85465,ChangiAirportT3
187,85476,CrownPlaza
188,85478,ChangiAirport
189,85479,ChangiAirport
190,85665,DBS
191,85774,ChangiCityPoint
